{
  "harp1": {
    "sounds": [
      {
        "name": "harp1"
      }
    ]
  },
  "0.0": {
    "sounds": [
      {
        "name": "1/0"
      }
    ]
  },
  "0.1": {
    "sounds": [
      {
        "name": "1/1"
      }
    ]
  },
  "0.2": {
    "sounds": [
      {
        "name": "1/2"
      }
    ]
  },
  "0.3": {
    "sounds": [
      {
        "name": "1/3"
      }
    ]
  },
  "0.4": {
    "sounds": [
      {
        "name": "1/4"
      }
    ]
  },
  "0.5": {
    "sounds": [
      {
        "name": "1/5"
      }
    ]
  },
  "0.6": {
    "sounds": [
      {
        "name": "1/6"
      }
    ]
  },
  "0.7": {
    "sounds": [
      {
        "name": "1/7"
      }
    ]
  },
  "0.8": {
    "sounds": [
      {
        "name": "1/8"
      }
    ]
  },
  "0.9": {
    "sounds": [
      {
        "name": "1/9"
      }
    ]
  },
  "0.10": {
    "sounds": [
      {
        "name": "1/10"
      }
    ]
  },
  "0.11": {
    "sounds": [
      {
        "name": "1/11"
      }
    ]
  },
  "0.12": {
    "sounds": [
      {
        "name": "1/12"
      }
    ]
  },
  "0.13": {
    "sounds": [
      {
        "name": "1/13"
      }
    ]
  },
  "0.14": {
    "sounds": [
      {
        "name": "1/14"
      }
    ]
  },
  "0.15": {
    "sounds": [
      {
        "name": "1/15"
      }
    ]
  },
  "0.16": {
    "sounds": [
      {
        "name": "1/16"
      }
    ]
  },
  "0.17": {
    "sounds": [
      {
        "name": "1/17"
      }
    ]
  },
  "0.18": {
    "sounds": [
      {
        "name": "1/18"
      }
    ]
  },
  "0.19": {
    "sounds": [
      {
        "name": "1/19"
      }
    ]
  },
  "0.20": {
    "sounds": [
      {
        "name": "1/20"
      }
    ]
  },
  "0.21": {
    "sounds": [
      {
        "name": "1/21"
      }
    ]
  },
  "0.22": {
    "sounds": [
      {
        "name": "1/22"
      }
    ]
  },
  "0.23": {
    "sounds": [
      {
        "name": "1/23"
      }
    ]
  },
  "0.24": {
    "sounds": [
      {
        "name": "1/24"
      }
    ]
  },
  "0.25": {
    "sounds": [
      {
        "name": "1/25"
      }
    ]
  },
  "0.26": {
    "sounds": [
      {
        "name": "1/26"
      }
    ]
  },
  "0.27": {
    "sounds": [
      {
        "name": "1/27"
      }
    ]
  },
  "0.28": {
    "sounds": [
      {
        "name": "1/28"
      }
    ]
  },
  "0.29": {
    "sounds": [
      {
        "name": "1/29"
      }
    ]
  },
  "0.30": {
    "sounds": [
      {
        "name": "1/30"
      }
    ]
  },
  "0.31": {
    "sounds": [
      {
        "name": "1/31"
      }
    ]
  },
  "0.32": {
    "sounds": [
      {
        "name": "1/32"
      }
    ]
  },
  "0.33": {
    "sounds": [
      {
        "name": "1/33"
      }
    ]
  },
  "0.34": {
    "sounds": [
      {
        "name": "1/34"
      }
    ]
  },
  "0.35": {
    "sounds": [
      {
        "name": "1/35"
      }
    ]
  },
  "0.36": {
    "sounds": [
      {
        "name": "1/36"
      }
    ]
  },
  "0.37": {
    "sounds": [
      {
        "name": "1/37"
      }
    ]
  },
  "0.38": {
    "sounds": [
      {
        "name": "1/38"
      }
    ]
  },
  "0.39": {
    "sounds": [
      {
        "name": "1/39"
      }
    ]
  },
  "0.40": {
    "sounds": [
      {
        "name": "1/40"
      }
    ]
  },
  "0.41": {
    "sounds": [
      {
        "name": "1/41"
      }
    ]
  },
  "0.42": {
    "sounds": [
      {
        "name": "1/42"
      }
    ]
  },
  "0.43": {
    "sounds": [
      {
        "name": "1/43"
      }
    ]
  },
  "0.44": {
    "sounds": [
      {
        "name": "1/44"
      }
    ]
  },
  "0.45": {
    "sounds": [
      {
        "name": "1/45"
      }
    ]
  },
  "0.46": {
    "sounds": [
      {
        "name": "1/46"
      }
    ]
  },
  "0.47": {
    "sounds": [
      {
        "name": "1/47"
      }
    ]
  },
  "0.48": {
    "sounds": [
      {
        "name": "1/48"
      }
    ]
  },
  "0.49": {
    "sounds": [
      {
        "name": "1/49"
      }
    ]
  },
  "0.50": {
    "sounds": [
      {
        "name": "1/50"
      }
    ]
  },
  "0.51": {
    "sounds": [
      {
        "name": "1/51"
      }
    ]
  },
  "0.52": {
    "sounds": [
      {
        "name": "1/52"
      }
    ]
  },
  "0.53": {
    "sounds": [
      {
        "name": "1/53"
      }
    ]
  },
  "0.54": {
    "sounds": [
      {
        "name": "1/54"
      }
    ]
  },
  "0.55": {
    "sounds": [
      {
        "name": "1/55"
      }
    ]
  },
  "0.56": {
    "sounds": [
      {
        "name": "1/56"
      }
    ]
  },
  "0.57": {
    "sounds": [
      {
        "name": "1/57"
      }
    ]
  },
  "0.58": {
    "sounds": [
      {
        "name": "1/58"
      }
    ]
  },
  "0.59": {
    "sounds": [
      {
        "name": "1/59"
      }
    ]
  },
  "0.60": {
    "sounds": [
      {
        "name": "1/60"
      }
    ]
  },
  "0.61": {
    "sounds": [
      {
        "name": "1/61"
      }
    ]
  },
  "0.62": {
    "sounds": [
      {
        "name": "1/62"
      }
    ]
  },
  "0.63": {
    "sounds": [
      {
        "name": "1/63"
      }
    ]
  },
  "0.64": {
    "sounds": [
      {
        "name": "1/64"
      }
    ]
  },
  "0.65": {
    "sounds": [
      {
        "name": "1/65"
      }
    ]
  },
  "0.66": {
    "sounds": [
      {
        "name": "1/66"
      }
    ]
  },
  "0.67": {
    "sounds": [
      {
        "name": "1/67"
      }
    ]
  },
  "0.68": {
    "sounds": [
      {
        "name": "1/68"
      }
    ]
  },
  "0.69": {
    "sounds": [
      {
        "name": "1/69"
      }
    ]
  },
  "0.70": {
    "sounds": [
      {
        "name": "1/70"
      }
    ]
  },
  "0.71": {
    "sounds": [
      {
        "name": "1/71"
      }
    ]
  },
  "0.72": {
    "sounds": [
      {
        "name": "1/72"
      }
    ]
  },
  "0.73": {
    "sounds": [
      {
        "name": "1/73"
      }
    ]
  },
  "0.74": {
    "sounds": [
      {
        "name": "1/74"
      }
    ]
  },
  "0.75": {
    "sounds": [
      {
        "name": "1/75"
      }
    ]
  },
  "0.76": {
    "sounds": [
      {
        "name": "1/76"
      }
    ]
  },
  "0.77": {
    "sounds": [
      {
        "name": "1/77"
      }
    ]
  },
  "0.78": {
    "sounds": [
      {
        "name": "1/78"
      }
    ]
  },
  "0.79": {
    "sounds": [
      {
        "name": "1/79"
      }
    ]
  },
  "0.80": {
    "sounds": [
      {
        "name": "1/80"
      }
    ]
  },
  "0.81": {
    "sounds": [
      {
        "name": "1/81"
      }
    ]
  },
  "0.82": {
    "sounds": [
      {
        "name": "1/82"
      }
    ]
  },
  "0.83": {
    "sounds": [
      {
        "name": "1/83"
      }
    ]
  },
  "0.84": {
    "sounds": [
      {
        "name": "1/84"
      }
    ]
  },
  "0.85": {
    "sounds": [
      {
        "name": "1/85"
      }
    ]
  },
  "0.86": {
    "sounds": [
      {
        "name": "1/86"
      }
    ]
  },
  "0.87": {
    "sounds": [
      {
        "name": "1/87"
      }
    ]
  },
  "0.88": {
    "sounds": [
      {
        "name": "1/88"
      }
    ]
  },
  "0.89": {
    "sounds": [
      {
        "name": "1/89"
      }
    ]
  },
  "0.90": {
    "sounds": [
      {
        "name": "1/90"
      }
    ]
  },
  "0.91": {
    "sounds": [
      {
        "name": "1/91"
      }
    ]
  },
  "0.92": {
    "sounds": [
      {
        "name": "1/92"
      }
    ]
  },
  "0.93": {
    "sounds": [
      {
        "name": "1/93"
      }
    ]
  },
  "0.94": {
    "sounds": [
      {
        "name": "1/94"
      }
    ]
  },
  "0.95": {
    "sounds": [
      {
        "name": "1/95"
      }
    ]
  },
  "0.96": {
    "sounds": [
      {
        "name": "1/96"
      }
    ]
  },
  "0.97": {
    "sounds": [
      {
        "name": "1/97"
      }
    ]
  },
  "0.98": {
    "sounds": [
      {
        "name": "1/98"
      }
    ]
  },
  "0.99": {
    "sounds": [
      {
        "name": "1/99"
      }
    ]
  },
  "0.100": {
    "sounds": [
      {
        "name": "1/100"
      }
    ]
  },
  "0.101": {
    "sounds": [
      {
        "name": "1/101"
      }
    ]
  },
  "0.102": {
    "sounds": [
      {
        "name": "1/102"
      }
    ]
  },
  "0.103": {
    "sounds": [
      {
        "name": "1/103"
      }
    ]
  },
  "0.104": {
    "sounds": [
      {
        "name": "1/104"
      }
    ]
  },
  "0.105": {
    "sounds": [
      {
        "name": "1/105"
      }
    ]
  },
  "0.106": {
    "sounds": [
      {
        "name": "1/106"
      }
    ]
  },
  "0.107": {
    "sounds": [
      {
        "name": "1/107"
      }
    ]
  },
  "0.108": {
    "sounds": [
      {
        "name": "1/108"
      }
    ]
  },
  "0.109": {
    "sounds": [
      {
        "name": "1/109"
      }
    ]
  },
  "0.110": {
    "sounds": [
      {
        "name": "1/110"
      }
    ]
  },
  "0.111": {
    "sounds": [
      {
        "name": "1/111"
      }
    ]
  },
  "0.112": {
    "sounds": [
      {
        "name": "1/112"
      }
    ]
  },
  "0.113": {
    "sounds": [
      {
        "name": "1/113"
      }
    ]
  },
  "0.114": {
    "sounds": [
      {
        "name": "1/114"
      }
    ]
  },
  "0.115": {
    "sounds": [
      {
        "name": "1/115"
      }
    ]
  },
  "0.116": {
    "sounds": [
      {
        "name": "1/116"
      }
    ]
  },
  "0.117": {
    "sounds": [
      {
        "name": "1/117"
      }
    ]
  },
  "0.118": {
    "sounds": [
      {
        "name": "1/118"
      }
    ]
  },
  "0.119": {
    "sounds": [
      {
        "name": "1/119"
      }
    ]
  },
  "0.120": {
    "sounds": [
      {
        "name": "1/120"
      }
    ]
  },
  "0.121": {
    "sounds": [
      {
        "name": "1/121"
      }
    ]
  },
  "0.122": {
    "sounds": [
      {
        "name": "1/122"
      }
    ]
  },
  "0.123": {
    "sounds": [
      {
        "name": "1/123"
      }
    ]
  },
  "0.124": {
    "sounds": [
      {
        "name": "1/124"
      }
    ]
  },
  "0.125": {
    "sounds": [
      {
        "name": "1/125"
      }
    ]
  },
  "0.126": {
    "sounds": [
      {
        "name": "1/126"
      }
    ]
  },
  "0.127": {
    "sounds": [
      {
        "name": "1/127"
      }
    ]
  },
  "1.0": {
    "sounds": [
      {
        "name": "2/0"
      }
    ]
  },
  "1.1": {
    "sounds": [
      {
        "name": "2/1"
      }
    ]
  },
  "1.2": {
    "sounds": [
      {
        "name": "2/2"
      }
    ]
  },
  "1.3": {
    "sounds": [
      {
        "name": "2/3"
      }
    ]
  },
  "1.4": {
    "sounds": [
      {
        "name": "2/4"
      }
    ]
  },
  "1.5": {
    "sounds": [
      {
        "name": "2/5"
      }
    ]
  },
  "1.6": {
    "sounds": [
      {
        "name": "2/6"
      }
    ]
  },
  "1.7": {
    "sounds": [
      {
        "name": "2/7"
      }
    ]
  },
  "1.8": {
    "sounds": [
      {
        "name": "2/8"
      }
    ]
  },
  "1.9": {
    "sounds": [
      {
        "name": "2/9"
      }
    ]
  },
  "1.10": {
    "sounds": [
      {
        "name": "2/10"
      }
    ]
  },
  "1.11": {
    "sounds": [
      {
        "name": "2/11"
      }
    ]
  },
  "1.12": {
    "sounds": [
      {
        "name": "2/12"
      }
    ]
  },
  "1.13": {
    "sounds": [
      {
        "name": "2/13"
      }
    ]
  },
  "1.14": {
    "sounds": [
      {
        "name": "2/14"
      }
    ]
  },
  "1.15": {
    "sounds": [
      {
        "name": "2/15"
      }
    ]
  },
  "1.16": {
    "sounds": [
      {
        "name": "2/16"
      }
    ]
  },
  "1.17": {
    "sounds": [
      {
        "name": "2/17"
      }
    ]
  },
  "1.18": {
    "sounds": [
      {
        "name": "2/18"
      }
    ]
  },
  "1.19": {
    "sounds": [
      {
        "name": "2/19"
      }
    ]
  },
  "1.20": {
    "sounds": [
      {
        "name": "2/20"
      }
    ]
  },
  "1.21": {
    "sounds": [
      {
        "name": "2/21"
      }
    ]
  },
  "1.22": {
    "sounds": [
      {
        "name": "2/22"
      }
    ]
  },
  "1.23": {
    "sounds": [
      {
        "name": "2/23"
      }
    ]
  },
  "1.24": {
    "sounds": [
      {
        "name": "2/24"
      }
    ]
  },
  "1.25": {
    "sounds": [
      {
        "name": "2/25"
      }
    ]
  },
  "1.26": {
    "sounds": [
      {
        "name": "2/26"
      }
    ]
  },
  "1.27": {
    "sounds": [
      {
        "name": "2/27"
      }
    ]
  },
  "1.28": {
    "sounds": [
      {
        "name": "2/28"
      }
    ]
  },
  "1.29": {
    "sounds": [
      {
        "name": "2/29"
      }
    ]
  },
  "1.30": {
    "sounds": [
      {
        "name": "2/30"
      }
    ]
  },
  "1.31": {
    "sounds": [
      {
        "name": "2/31"
      }
    ]
  },
  "1.32": {
    "sounds": [
      {
        "name": "2/32"
      }
    ]
  },
  "1.33": {
    "sounds": [
      {
        "name": "2/33"
      }
    ]
  },
  "1.34": {
    "sounds": [
      {
        "name": "2/34"
      }
    ]
  },
  "1.35": {
    "sounds": [
      {
        "name": "2/35"
      }
    ]
  },
  "1.36": {
    "sounds": [
      {
        "name": "2/36"
      }
    ]
  },
  "1.37": {
    "sounds": [
      {
        "name": "2/37"
      }
    ]
  },
  "1.38": {
    "sounds": [
      {
        "name": "2/38"
      }
    ]
  },
  "1.39": {
    "sounds": [
      {
        "name": "2/39"
      }
    ]
  },
  "1.40": {
    "sounds": [
      {
        "name": "2/40"
      }
    ]
  },
  "1.41": {
    "sounds": [
      {
        "name": "2/41"
      }
    ]
  },
  "1.42": {
    "sounds": [
      {
        "name": "2/42"
      }
    ]
  },
  "1.43": {
    "sounds": [
      {
        "name": "2/43"
      }
    ]
  },
  "1.44": {
    "sounds": [
      {
        "name": "2/44"
      }
    ]
  },
  "1.45": {
    "sounds": [
      {
        "name": "2/45"
      }
    ]
  },
  "1.46": {
    "sounds": [
      {
        "name": "2/46"
      }
    ]
  },
  "1.47": {
    "sounds": [
      {
        "name": "2/47"
      }
    ]
  },
  "1.48": {
    "sounds": [
      {
        "name": "2/48"
      }
    ]
  },
  "1.49": {
    "sounds": [
      {
        "name": "2/49"
      }
    ]
  },
  "1.50": {
    "sounds": [
      {
        "name": "2/50"
      }
    ]
  },
  "1.51": {
    "sounds": [
      {
        "name": "2/51"
      }
    ]
  },
  "1.52": {
    "sounds": [
      {
        "name": "2/52"
      }
    ]
  },
  "1.53": {
    "sounds": [
      {
        "name": "2/53"
      }
    ]
  },
  "1.54": {
    "sounds": [
      {
        "name": "2/54"
      }
    ]
  },
  "1.55": {
    "sounds": [
      {
        "name": "2/55"
      }
    ]
  },
  "1.56": {
    "sounds": [
      {
        "name": "2/56"
      }
    ]
  },
  "1.57": {
    "sounds": [
      {
        "name": "2/57"
      }
    ]
  },
  "1.58": {
    "sounds": [
      {
        "name": "2/58"
      }
    ]
  },
  "1.59": {
    "sounds": [
      {
        "name": "2/59"
      }
    ]
  },
  "1.60": {
    "sounds": [
      {
        "name": "2/60"
      }
    ]
  },
  "1.61": {
    "sounds": [
      {
        "name": "2/61"
      }
    ]
  },
  "1.62": {
    "sounds": [
      {
        "name": "2/62"
      }
    ]
  },
  "1.63": {
    "sounds": [
      {
        "name": "2/63"
      }
    ]
  },
  "1.64": {
    "sounds": [
      {
        "name": "2/64"
      }
    ]
  },
  "1.65": {
    "sounds": [
      {
        "name": "2/65"
      }
    ]
  },
  "1.66": {
    "sounds": [
      {
        "name": "2/66"
      }
    ]
  },
  "1.67": {
    "sounds": [
      {
        "name": "2/67"
      }
    ]
  },
  "1.68": {
    "sounds": [
      {
        "name": "2/68"
      }
    ]
  },
  "1.69": {
    "sounds": [
      {
        "name": "2/69"
      }
    ]
  },
  "1.70": {
    "sounds": [
      {
        "name": "2/70"
      }
    ]
  },
  "1.71": {
    "sounds": [
      {
        "name": "2/71"
      }
    ]
  },
  "1.72": {
    "sounds": [
      {
        "name": "2/72"
      }
    ]
  },
  "1.73": {
    "sounds": [
      {
        "name": "2/73"
      }
    ]
  },
  "1.74": {
    "sounds": [
      {
        "name": "2/74"
      }
    ]
  },
  "1.75": {
    "sounds": [
      {
        "name": "2/75"
      }
    ]
  },
  "1.76": {
    "sounds": [
      {
        "name": "2/76"
      }
    ]
  },
  "1.77": {
    "sounds": [
      {
        "name": "2/77"
      }
    ]
  },
  "1.78": {
    "sounds": [
      {
        "name": "2/78"
      }
    ]
  },
  "1.79": {
    "sounds": [
      {
        "name": "2/79"
      }
    ]
  },
  "1.80": {
    "sounds": [
      {
        "name": "2/80"
      }
    ]
  },
  "1.81": {
    "sounds": [
      {
        "name": "2/81"
      }
    ]
  },
  "1.82": {
    "sounds": [
      {
        "name": "2/82"
      }
    ]
  },
  "1.83": {
    "sounds": [
      {
        "name": "2/83"
      }
    ]
  },
  "1.84": {
    "sounds": [
      {
        "name": "2/84"
      }
    ]
  },
  "1.85": {
    "sounds": [
      {
        "name": "2/85"
      }
    ]
  },
  "1.86": {
    "sounds": [
      {
        "name": "2/86"
      }
    ]
  },
  "1.87": {
    "sounds": [
      {
        "name": "2/87"
      }
    ]
  },
  "1.88": {
    "sounds": [
      {
        "name": "2/88"
      }
    ]
  },
  "1.89": {
    "sounds": [
      {
        "name": "2/89"
      }
    ]
  },
  "1.90": {
    "sounds": [
      {
        "name": "2/90"
      }
    ]
  },
  "1.91": {
    "sounds": [
      {
        "name": "2/91"
      }
    ]
  },
  "1.92": {
    "sounds": [
      {
        "name": "2/92"
      }
    ]
  },
  "1.93": {
    "sounds": [
      {
        "name": "2/93"
      }
    ]
  },
  "1.94": {
    "sounds": [
      {
        "name": "2/94"
      }
    ]
  },
  "1.95": {
    "sounds": [
      {
        "name": "2/95"
      }
    ]
  },
  "1.96": {
    "sounds": [
      {
        "name": "2/96"
      }
    ]
  },
  "1.97": {
    "sounds": [
      {
        "name": "2/97"
      }
    ]
  },
  "1.98": {
    "sounds": [
      {
        "name": "2/98"
      }
    ]
  },
  "1.99": {
    "sounds": [
      {
        "name": "2/99"
      }
    ]
  },
  "1.100": {
    "sounds": [
      {
        "name": "2/100"
      }
    ]
  },
  "1.101": {
    "sounds": [
      {
        "name": "2/101"
      }
    ]
  },
  "1.102": {
    "sounds": [
      {
        "name": "2/102"
      }
    ]
  },
  "1.103": {
    "sounds": [
      {
        "name": "2/103"
      }
    ]
  },
  "1.104": {
    "sounds": [
      {
        "name": "2/104"
      }
    ]
  },
  "1.105": {
    "sounds": [
      {
        "name": "2/105"
      }
    ]
  },
  "1.106": {
    "sounds": [
      {
        "name": "2/106"
      }
    ]
  },
  "1.107": {
    "sounds": [
      {
        "name": "2/107"
      }
    ]
  },
  "1.108": {
    "sounds": [
      {
        "name": "2/108"
      }
    ]
  },
  "1.109": {
    "sounds": [
      {
        "name": "2/109"
      }
    ]
  },
  "1.110": {
    "sounds": [
      {
        "name": "2/110"
      }
    ]
  },
  "1.111": {
    "sounds": [
      {
        "name": "2/111"
      }
    ]
  },
  "1.112": {
    "sounds": [
      {
        "name": "2/112"
      }
    ]
  },
  "1.113": {
    "sounds": [
      {
        "name": "2/113"
      }
    ]
  },
  "1.114": {
    "sounds": [
      {
        "name": "2/114"
      }
    ]
  },
  "1.115": {
    "sounds": [
      {
        "name": "2/115"
      }
    ]
  },
  "1.116": {
    "sounds": [
      {
        "name": "2/116"
      }
    ]
  },
  "1.117": {
    "sounds": [
      {
        "name": "2/117"
      }
    ]
  },
  "1.118": {
    "sounds": [
      {
        "name": "2/118"
      }
    ]
  },
  "1.119": {
    "sounds": [
      {
        "name": "2/119"
      }
    ]
  },
  "1.120": {
    "sounds": [
      {
        "name": "2/120"
      }
    ]
  },
  "1.121": {
    "sounds": [
      {
        "name": "2/121"
      }
    ]
  },
  "1.122": {
    "sounds": [
      {
        "name": "2/122"
      }
    ]
  },
  "1.123": {
    "sounds": [
      {
        "name": "2/123"
      }
    ]
  },
  "1.124": {
    "sounds": [
      {
        "name": "2/124"
      }
    ]
  },
  "1.125": {
    "sounds": [
      {
        "name": "2/125"
      }
    ]
  },
  "1.126": {
    "sounds": [
      {
        "name": "2/126"
      }
    ]
  },
  "1.127": {
    "sounds": [
      {
        "name": "2/127"
      }
    ]
  },
  "2.0": {
    "sounds": [
      {
        "name": "3/0"
      }
    ]
  },
  "2.1": {
    "sounds": [
      {
        "name": "3/1"
      }
    ]
  },
  "2.2": {
    "sounds": [
      {
        "name": "3/2"
      }
    ]
  },
  "2.3": {
    "sounds": [
      {
        "name": "3/3"
      }
    ]
  },
  "2.4": {
    "sounds": [
      {
        "name": "3/4"
      }
    ]
  },
  "2.5": {
    "sounds": [
      {
        "name": "3/5"
      }
    ]
  },
  "2.6": {
    "sounds": [
      {
        "name": "3/6"
      }
    ]
  },
  "2.7": {
    "sounds": [
      {
        "name": "3/7"
      }
    ]
  },
  "2.8": {
    "sounds": [
      {
        "name": "3/8"
      }
    ]
  },
  "2.9": {
    "sounds": [
      {
        "name": "3/9"
      }
    ]
  },
  "2.10": {
    "sounds": [
      {
        "name": "3/10"
      }
    ]
  },
  "2.11": {
    "sounds": [
      {
        "name": "3/11"
      }
    ]
  },
  "2.12": {
    "sounds": [
      {
        "name": "3/12"
      }
    ]
  },
  "2.13": {
    "sounds": [
      {
        "name": "3/13"
      }
    ]
  },
  "2.14": {
    "sounds": [
      {
        "name": "3/14"
      }
    ]
  },
  "2.15": {
    "sounds": [
      {
        "name": "3/15"
      }
    ]
  },
  "2.16": {
    "sounds": [
      {
        "name": "3/16"
      }
    ]
  },
  "2.17": {
    "sounds": [
      {
        "name": "3/17"
      }
    ]
  },
  "2.18": {
    "sounds": [
      {
        "name": "3/18"
      }
    ]
  },
  "2.19": {
    "sounds": [
      {
        "name": "3/19"
      }
    ]
  },
  "2.20": {
    "sounds": [
      {
        "name": "3/20"
      }
    ]
  },
  "2.21": {
    "sounds": [
      {
        "name": "3/21"
      }
    ]
  },
  "2.22": {
    "sounds": [
      {
        "name": "3/22"
      }
    ]
  },
  "2.23": {
    "sounds": [
      {
        "name": "3/23"
      }
    ]
  },
  "2.24": {
    "sounds": [
      {
        "name": "3/24"
      }
    ]
  },
  "2.25": {
    "sounds": [
      {
        "name": "3/25"
      }
    ]
  },
  "2.26": {
    "sounds": [
      {
        "name": "3/26"
      }
    ]
  },
  "2.27": {
    "sounds": [
      {
        "name": "3/27"
      }
    ]
  },
  "2.28": {
    "sounds": [
      {
        "name": "3/28"
      }
    ]
  },
  "2.29": {
    "sounds": [
      {
        "name": "3/29"
      }
    ]
  },
  "2.30": {
    "sounds": [
      {
        "name": "3/30"
      }
    ]
  },
  "2.31": {
    "sounds": [
      {
        "name": "3/31"
      }
    ]
  },
  "2.32": {
    "sounds": [
      {
        "name": "3/32"
      }
    ]
  },
  "2.33": {
    "sounds": [
      {
        "name": "3/33"
      }
    ]
  },
  "2.34": {
    "sounds": [
      {
        "name": "3/34"
      }
    ]
  },
  "2.35": {
    "sounds": [
      {
        "name": "3/35"
      }
    ]
  },
  "2.36": {
    "sounds": [
      {
        "name": "3/36"
      }
    ]
  },
  "2.37": {
    "sounds": [
      {
        "name": "3/37"
      }
    ]
  },
  "2.38": {
    "sounds": [
      {
        "name": "3/38"
      }
    ]
  },
  "2.39": {
    "sounds": [
      {
        "name": "3/39"
      }
    ]
  },
  "2.40": {
    "sounds": [
      {
        "name": "3/40"
      }
    ]
  },
  "2.41": {
    "sounds": [
      {
        "name": "3/41"
      }
    ]
  },
  "2.42": {
    "sounds": [
      {
        "name": "3/42"
      }
    ]
  },
  "2.43": {
    "sounds": [
      {
        "name": "3/43"
      }
    ]
  },
  "2.44": {
    "sounds": [
      {
        "name": "3/44"
      }
    ]
  },
  "2.45": {
    "sounds": [
      {
        "name": "3/45"
      }
    ]
  },
  "2.46": {
    "sounds": [
      {
        "name": "3/46"
      }
    ]
  },
  "2.47": {
    "sounds": [
      {
        "name": "3/47"
      }
    ]
  },
  "2.48": {
    "sounds": [
      {
        "name": "3/48"
      }
    ]
  },
  "2.49": {
    "sounds": [
      {
        "name": "3/49"
      }
    ]
  },
  "2.50": {
    "sounds": [
      {
        "name": "3/50"
      }
    ]
  },
  "2.51": {
    "sounds": [
      {
        "name": "3/51"
      }
    ]
  },
  "2.52": {
    "sounds": [
      {
        "name": "3/52"
      }
    ]
  },
  "2.53": {
    "sounds": [
      {
        "name": "3/53"
      }
    ]
  },
  "2.54": {
    "sounds": [
      {
        "name": "3/54"
      }
    ]
  },
  "2.55": {
    "sounds": [
      {
        "name": "3/55"
      }
    ]
  },
  "2.56": {
    "sounds": [
      {
        "name": "3/56"
      }
    ]
  },
  "2.57": {
    "sounds": [
      {
        "name": "3/57"
      }
    ]
  },
  "2.58": {
    "sounds": [
      {
        "name": "3/58"
      }
    ]
  },
  "2.59": {
    "sounds": [
      {
        "name": "3/59"
      }
    ]
  },
  "2.60": {
    "sounds": [
      {
        "name": "3/60"
      }
    ]
  },
  "2.61": {
    "sounds": [
      {
        "name": "3/61"
      }
    ]
  },
  "2.62": {
    "sounds": [
      {
        "name": "3/62"
      }
    ]
  },
  "2.63": {
    "sounds": [
      {
        "name": "3/63"
      }
    ]
  },
  "2.64": {
    "sounds": [
      {
        "name": "3/64"
      }
    ]
  },
  "2.65": {
    "sounds": [
      {
        "name": "3/65"
      }
    ]
  },
  "2.66": {
    "sounds": [
      {
        "name": "3/66"
      }
    ]
  },
  "2.67": {
    "sounds": [
      {
        "name": "3/67"
      }
    ]
  },
  "2.68": {
    "sounds": [
      {
        "name": "3/68"
      }
    ]
  },
  "2.69": {
    "sounds": [
      {
        "name": "3/69"
      }
    ]
  },
  "2.70": {
    "sounds": [
      {
        "name": "3/70"
      }
    ]
  },
  "2.71": {
    "sounds": [
      {
        "name": "3/71"
      }
    ]
  },
  "2.72": {
    "sounds": [
      {
        "name": "3/72"
      }
    ]
  },
  "2.73": {
    "sounds": [
      {
        "name": "3/73"
      }
    ]
  },
  "2.74": {
    "sounds": [
      {
        "name": "3/74"
      }
    ]
  },
  "2.75": {
    "sounds": [
      {
        "name": "3/75"
      }
    ]
  },
  "2.76": {
    "sounds": [
      {
        "name": "3/76"
      }
    ]
  },
  "2.77": {
    "sounds": [
      {
        "name": "3/77"
      }
    ]
  },
  "2.78": {
    "sounds": [
      {
        "name": "3/78"
      }
    ]
  },
  "2.79": {
    "sounds": [
      {
        "name": "3/79"
      }
    ]
  },
  "2.80": {
    "sounds": [
      {
        "name": "3/80"
      }
    ]
  },
  "2.81": {
    "sounds": [
      {
        "name": "3/81"
      }
    ]
  },
  "2.82": {
    "sounds": [
      {
        "name": "3/82"
      }
    ]
  },
  "2.83": {
    "sounds": [
      {
        "name": "3/83"
      }
    ]
  },
  "2.84": {
    "sounds": [
      {
        "name": "3/84"
      }
    ]
  },
  "2.85": {
    "sounds": [
      {
        "name": "3/85"
      }
    ]
  },
  "2.86": {
    "sounds": [
      {
        "name": "3/86"
      }
    ]
  },
  "2.87": {
    "sounds": [
      {
        "name": "3/87"
      }
    ]
  },
  "2.88": {
    "sounds": [
      {
        "name": "3/88"
      }
    ]
  },
  "2.89": {
    "sounds": [
      {
        "name": "3/89"
      }
    ]
  },
  "2.90": {
    "sounds": [
      {
        "name": "3/90"
      }
    ]
  },
  "2.91": {
    "sounds": [
      {
        "name": "3/91"
      }
    ]
  },
  "2.92": {
    "sounds": [
      {
        "name": "3/92"
      }
    ]
  },
  "2.93": {
    "sounds": [
      {
        "name": "3/93"
      }
    ]
  },
  "2.94": {
    "sounds": [
      {
        "name": "3/94"
      }
    ]
  },
  "2.95": {
    "sounds": [
      {
        "name": "3/95"
      }
    ]
  },
  "2.96": {
    "sounds": [
      {
        "name": "3/96"
      }
    ]
  },
  "2.97": {
    "sounds": [
      {
        "name": "3/97"
      }
    ]
  },
  "2.98": {
    "sounds": [
      {
        "name": "3/98"
      }
    ]
  },
  "2.99": {
    "sounds": [
      {
        "name": "3/99"
      }
    ]
  },
  "2.100": {
    "sounds": [
      {
        "name": "3/100"
      }
    ]
  },
  "2.101": {
    "sounds": [
      {
        "name": "3/101"
      }
    ]
  },
  "2.102": {
    "sounds": [
      {
        "name": "3/102"
      }
    ]
  },
  "2.103": {
    "sounds": [
      {
        "name": "3/103"
      }
    ]
  },
  "2.104": {
    "sounds": [
      {
        "name": "3/104"
      }
    ]
  },
  "2.105": {
    "sounds": [
      {
        "name": "3/105"
      }
    ]
  },
  "2.106": {
    "sounds": [
      {
        "name": "3/106"
      }
    ]
  },
  "2.107": {
    "sounds": [
      {
        "name": "3/107"
      }
    ]
  },
  "2.108": {
    "sounds": [
      {
        "name": "3/108"
      }
    ]
  },
  "2.109": {
    "sounds": [
      {
        "name": "3/109"
      }
    ]
  },
  "2.110": {
    "sounds": [
      {
        "name": "3/110"
      }
    ]
  },
  "2.111": {
    "sounds": [
      {
        "name": "3/111"
      }
    ]
  },
  "2.112": {
    "sounds": [
      {
        "name": "3/112"
      }
    ]
  },
  "2.113": {
    "sounds": [
      {
        "name": "3/113"
      }
    ]
  },
  "2.114": {
    "sounds": [
      {
        "name": "3/114"
      }
    ]
  },
  "2.115": {
    "sounds": [
      {
        "name": "3/115"
      }
    ]
  },
  "2.116": {
    "sounds": [
      {
        "name": "3/116"
      }
    ]
  },
  "2.117": {
    "sounds": [
      {
        "name": "3/117"
      }
    ]
  },
  "2.118": {
    "sounds": [
      {
        "name": "3/118"
      }
    ]
  },
  "2.119": {
    "sounds": [
      {
        "name": "3/119"
      }
    ]
  },
  "2.120": {
    "sounds": [
      {
        "name": "3/120"
      }
    ]
  },
  "2.121": {
    "sounds": [
      {
        "name": "3/121"
      }
    ]
  },
  "2.122": {
    "sounds": [
      {
        "name": "3/122"
      }
    ]
  },
  "2.123": {
    "sounds": [
      {
        "name": "3/123"
      }
    ]
  },
  "2.124": {
    "sounds": [
      {
        "name": "3/124"
      }
    ]
  },
  "2.125": {
    "sounds": [
      {
        "name": "3/125"
      }
    ]
  },
  "2.126": {
    "sounds": [
      {
        "name": "3/126"
      }
    ]
  },
  "2.127": {
    "sounds": [
      {
        "name": "3/127"
      }
    ]
  },
  "3.0": {
    "sounds": [
      {
        "name": "4/0"
      }
    ]
  },
  "3.1": {
    "sounds": [
      {
        "name": "4/1"
      }
    ]
  },
  "3.2": {
    "sounds": [
      {
        "name": "4/2"
      }
    ]
  },
  "3.3": {
    "sounds": [
      {
        "name": "4/3"
      }
    ]
  },
  "3.4": {
    "sounds": [
      {
        "name": "4/4"
      }
    ]
  },
  "3.5": {
    "sounds": [
      {
        "name": "4/5"
      }
    ]
  },
  "3.6": {
    "sounds": [
      {
        "name": "4/6"
      }
    ]
  },
  "3.7": {
    "sounds": [
      {
        "name": "4/7"
      }
    ]
  },
  "3.8": {
    "sounds": [
      {
        "name": "4/8"
      }
    ]
  },
  "3.9": {
    "sounds": [
      {
        "name": "4/9"
      }
    ]
  },
  "3.10": {
    "sounds": [
      {
        "name": "4/10"
      }
    ]
  },
  "3.11": {
    "sounds": [
      {
        "name": "4/11"
      }
    ]
  },
  "3.12": {
    "sounds": [
      {
        "name": "4/12"
      }
    ]
  },
  "3.13": {
    "sounds": [
      {
        "name": "4/13"
      }
    ]
  },
  "3.14": {
    "sounds": [
      {
        "name": "4/14"
      }
    ]
  },
  "3.15": {
    "sounds": [
      {
        "name": "4/15"
      }
    ]
  },
  "3.16": {
    "sounds": [
      {
        "name": "4/16"
      }
    ]
  },
  "3.17": {
    "sounds": [
      {
        "name": "4/17"
      }
    ]
  },
  "3.18": {
    "sounds": [
      {
        "name": "4/18"
      }
    ]
  },
  "3.19": {
    "sounds": [
      {
        "name": "4/19"
      }
    ]
  },
  "3.20": {
    "sounds": [
      {
        "name": "4/20"
      }
    ]
  },
  "3.21": {
    "sounds": [
      {
        "name": "4/21"
      }
    ]
  },
  "3.22": {
    "sounds": [
      {
        "name": "4/22"
      }
    ]
  },
  "3.23": {
    "sounds": [
      {
        "name": "4/23"
      }
    ]
  },
  "3.24": {
    "sounds": [
      {
        "name": "4/24"
      }
    ]
  },
  "3.25": {
    "sounds": [
      {
        "name": "4/25"
      }
    ]
  },
  "3.26": {
    "sounds": [
      {
        "name": "4/26"
      }
    ]
  },
  "3.27": {
    "sounds": [
      {
        "name": "4/27"
      }
    ]
  },
  "3.28": {
    "sounds": [
      {
        "name": "4/28"
      }
    ]
  },
  "3.29": {
    "sounds": [
      {
        "name": "4/29"
      }
    ]
  },
  "3.30": {
    "sounds": [
      {
        "name": "4/30"
      }
    ]
  },
  "3.31": {
    "sounds": [
      {
        "name": "4/31"
      }
    ]
  },
  "3.32": {
    "sounds": [
      {
        "name": "4/32"
      }
    ]
  },
  "3.33": {
    "sounds": [
      {
        "name": "4/33"
      }
    ]
  },
  "3.34": {
    "sounds": [
      {
        "name": "4/34"
      }
    ]
  },
  "3.35": {
    "sounds": [
      {
        "name": "4/35"
      }
    ]
  },
  "3.36": {
    "sounds": [
      {
        "name": "4/36"
      }
    ]
  },
  "3.37": {
    "sounds": [
      {
        "name": "4/37"
      }
    ]
  },
  "3.38": {
    "sounds": [
      {
        "name": "4/38"
      }
    ]
  },
  "3.39": {
    "sounds": [
      {
        "name": "4/39"
      }
    ]
  },
  "3.40": {
    "sounds": [
      {
        "name": "4/40"
      }
    ]
  },
  "3.41": {
    "sounds": [
      {
        "name": "4/41"
      }
    ]
  },
  "3.42": {
    "sounds": [
      {
        "name": "4/42"
      }
    ]
  },
  "3.43": {
    "sounds": [
      {
        "name": "4/43"
      }
    ]
  },
  "3.44": {
    "sounds": [
      {
        "name": "4/44"
      }
    ]
  },
  "3.45": {
    "sounds": [
      {
        "name": "4/45"
      }
    ]
  },
  "3.46": {
    "sounds": [
      {
        "name": "4/46"
      }
    ]
  },
  "3.47": {
    "sounds": [
      {
        "name": "4/47"
      }
    ]
  },
  "3.48": {
    "sounds": [
      {
        "name": "4/48"
      }
    ]
  },
  "3.49": {
    "sounds": [
      {
        "name": "4/49"
      }
    ]
  },
  "3.50": {
    "sounds": [
      {
        "name": "4/50"
      }
    ]
  },
  "3.51": {
    "sounds": [
      {
        "name": "4/51"
      }
    ]
  },
  "3.52": {
    "sounds": [
      {
        "name": "4/52"
      }
    ]
  },
  "3.53": {
    "sounds": [
      {
        "name": "4/53"
      }
    ]
  },
  "3.54": {
    "sounds": [
      {
        "name": "4/54"
      }
    ]
  },
  "3.55": {
    "sounds": [
      {
        "name": "4/55"
      }
    ]
  },
  "3.56": {
    "sounds": [
      {
        "name": "4/56"
      }
    ]
  },
  "3.57": {
    "sounds": [
      {
        "name": "4/57"
      }
    ]
  },
  "3.58": {
    "sounds": [
      {
        "name": "4/58"
      }
    ]
  },
  "3.59": {
    "sounds": [
      {
        "name": "4/59"
      }
    ]
  },
  "3.60": {
    "sounds": [
      {
        "name": "4/60"
      }
    ]
  },
  "3.61": {
    "sounds": [
      {
        "name": "4/61"
      }
    ]
  },
  "3.62": {
    "sounds": [
      {
        "name": "4/62"
      }
    ]
  },
  "3.63": {
    "sounds": [
      {
        "name": "4/63"
      }
    ]
  },
  "3.64": {
    "sounds": [
      {
        "name": "4/64"
      }
    ]
  },
  "3.65": {
    "sounds": [
      {
        "name": "4/65"
      }
    ]
  },
  "3.66": {
    "sounds": [
      {
        "name": "4/66"
      }
    ]
  },
  "3.67": {
    "sounds": [
      {
        "name": "4/67"
      }
    ]
  },
  "3.68": {
    "sounds": [
      {
        "name": "4/68"
      }
    ]
  },
  "3.69": {
    "sounds": [
      {
        "name": "4/69"
      }
    ]
  },
  "3.70": {
    "sounds": [
      {
        "name": "4/70"
      }
    ]
  },
  "3.71": {
    "sounds": [
      {
        "name": "4/71"
      }
    ]
  },
  "3.72": {
    "sounds": [
      {
        "name": "4/72"
      }
    ]
  },
  "3.73": {
    "sounds": [
      {
        "name": "4/73"
      }
    ]
  },
  "3.74": {
    "sounds": [
      {
        "name": "4/74"
      }
    ]
  },
  "3.75": {
    "sounds": [
      {
        "name": "4/75"
      }
    ]
  },
  "3.76": {
    "sounds": [
      {
        "name": "4/76"
      }
    ]
  },
  "3.77": {
    "sounds": [
      {
        "name": "4/77"
      }
    ]
  },
  "3.78": {
    "sounds": [
      {
        "name": "4/78"
      }
    ]
  },
  "3.79": {
    "sounds": [
      {
        "name": "4/79"
      }
    ]
  },
  "3.80": {
    "sounds": [
      {
        "name": "4/80"
      }
    ]
  },
  "3.81": {
    "sounds": [
      {
        "name": "4/81"
      }
    ]
  },
  "3.82": {
    "sounds": [
      {
        "name": "4/82"
      }
    ]
  },
  "3.83": {
    "sounds": [
      {
        "name": "4/83"
      }
    ]
  },
  "3.84": {
    "sounds": [
      {
        "name": "4/84"
      }
    ]
  },
  "3.85": {
    "sounds": [
      {
        "name": "4/85"
      }
    ]
  },
  "3.86": {
    "sounds": [
      {
        "name": "4/86"
      }
    ]
  },
  "3.87": {
    "sounds": [
      {
        "name": "4/87"
      }
    ]
  },
  "3.88": {
    "sounds": [
      {
        "name": "4/88"
      }
    ]
  },
  "3.89": {
    "sounds": [
      {
        "name": "4/89"
      }
    ]
  },
  "3.90": {
    "sounds": [
      {
        "name": "4/90"
      }
    ]
  },
  "3.91": {
    "sounds": [
      {
        "name": "4/91"
      }
    ]
  },
  "3.92": {
    "sounds": [
      {
        "name": "4/92"
      }
    ]
  },
  "3.93": {
    "sounds": [
      {
        "name": "4/93"
      }
    ]
  },
  "3.94": {
    "sounds": [
      {
        "name": "4/94"
      }
    ]
  },
  "3.95": {
    "sounds": [
      {
        "name": "4/95"
      }
    ]
  },
  "3.96": {
    "sounds": [
      {
        "name": "4/96"
      }
    ]
  },
  "3.97": {
    "sounds": [
      {
        "name": "4/97"
      }
    ]
  },
  "3.98": {
    "sounds": [
      {
        "name": "4/98"
      }
    ]
  },
  "3.99": {
    "sounds": [
      {
        "name": "4/99"
      }
    ]
  },
  "3.100": {
    "sounds": [
      {
        "name": "4/100"
      }
    ]
  },
  "3.101": {
    "sounds": [
      {
        "name": "4/101"
      }
    ]
  },
  "3.102": {
    "sounds": [
      {
        "name": "4/102"
      }
    ]
  },
  "3.103": {
    "sounds": [
      {
        "name": "4/103"
      }
    ]
  },
  "3.104": {
    "sounds": [
      {
        "name": "4/104"
      }
    ]
  },
  "3.105": {
    "sounds": [
      {
        "name": "4/105"
      }
    ]
  },
  "3.106": {
    "sounds": [
      {
        "name": "4/106"
      }
    ]
  },
  "3.107": {
    "sounds": [
      {
        "name": "4/107"
      }
    ]
  },
  "3.108": {
    "sounds": [
      {
        "name": "4/108"
      }
    ]
  },
  "3.109": {
    "sounds": [
      {
        "name": "4/109"
      }
    ]
  },
  "3.110": {
    "sounds": [
      {
        "name": "4/110"
      }
    ]
  },
  "3.111": {
    "sounds": [
      {
        "name": "4/111"
      }
    ]
  },
  "3.112": {
    "sounds": [
      {
        "name": "4/112"
      }
    ]
  },
  "3.113": {
    "sounds": [
      {
        "name": "4/113"
      }
    ]
  },
  "3.114": {
    "sounds": [
      {
        "name": "4/114"
      }
    ]
  },
  "3.115": {
    "sounds": [
      {
        "name": "4/115"
      }
    ]
  },
  "3.116": {
    "sounds": [
      {
        "name": "4/116"
      }
    ]
  },
  "3.117": {
    "sounds": [
      {
        "name": "4/117"
      }
    ]
  },
  "3.118": {
    "sounds": [
      {
        "name": "4/118"
      }
    ]
  },
  "3.119": {
    "sounds": [
      {
        "name": "4/119"
      }
    ]
  },
  "3.120": {
    "sounds": [
      {
        "name": "4/120"
      }
    ]
  },
  "3.121": {
    "sounds": [
      {
        "name": "4/121"
      }
    ]
  },
  "3.122": {
    "sounds": [
      {
        "name": "4/122"
      }
    ]
  },
  "3.123": {
    "sounds": [
      {
        "name": "4/123"
      }
    ]
  },
  "3.124": {
    "sounds": [
      {
        "name": "4/124"
      }
    ]
  },
  "3.125": {
    "sounds": [
      {
        "name": "4/125"
      }
    ]
  },
  "3.126": {
    "sounds": [
      {
        "name": "4/126"
      }
    ]
  },
  "3.127": {
    "sounds": [
      {
        "name": "4/127"
      }
    ]
  }
}